Cod,Freq,Mag
0,70,-8.9319
0,80,-7.7843
0,90,-9.8228
0,100,-6.8576
0,110,-5.8726
0,120,-3.9948
0,130,-4.549
0,140,-5.3473
0,150,-2.9152
0,160,-3.6674
0,170,-2.6283
0,180,-3.4854
0,190,-1.6572
0,200,-2.7277
0,210,-1.4054
0,220,-1.9288
0,230,-0.4377
0,240,-0.9615
0,250,-1.4186
0,260,-1.3624
0,270,-0.4713
0,280,-0.2869
0,290,0.5383
0,300,1.0977
0,310,-0.4132
0,320,0.6266
0,330,0.363
0,340,-0.0005
0,350,0.5423
0,360,0.3738
0,370,0.6656
0,380,-0.0345
0,390,1.7593
0,400,0.0254
0,410,1.6444
0,420,0.6866
0,430,0.1382
0,440,-0.2127
0,450,0.3903
0,460,1.6379
0,470,1.612
0,480,1.6616
0,490,1.0736
0,500,0.3508
0,510,0.9404
0,520,0.5563
0,530,1.8597
0,540,0.9748
0,550,0.7232
0,560,0.9959
0,570,1.2124
0,580,2.5508
0,590,1.7036
0,600,2.0194
0,610,1.5443
0,620,1.7086
0,630,1.5861
0,640,2.1084
0,650,2.1444
0,660,1.7483
0,670,3.3472
0,680,2.1094
0,690,1.4664
0,700,2.574
0,710,2.398
0,720,1.6122
0,730,2.6834
0,740,1.4536
0,750,2.604
0,760,1.3843
0,770,2.5545
0,780,1.4114
0,790,1.6473
0,800,1.1019
0,810,2.4311
0,820,2.3572
0,830,1.6164
0,840,1.9993
0,850,1.435
0,860,2.5336
0,870,3.1776
0,880,2.2137
0,890,3.3953
0,900,1.5088
0,910,3.0746
0,920,2.5459
0,930,3.5474
0,940,3.1943
0,950,2.0769
0,960,3.3118
0,970,2.1823
0,980,1.5362
0,990,3.0967
0,1000,2.728
0,1010,1.5571
0,1020,1.487
0,1030,2.7316
0,1040,2.9101
0,1050,2.714
0,1060,1.6892
0,1070,2.279
0,1080,1.7149
0,1090,3.099
0,1100,3.4951
0,1110,2.5561
0,1120,1.5854
0,1130,2.3515
0,1140,1.5645
0,1150,2.2863
0,1160,2.7255
0,1170,2.3412
0,1180,1.6152
0,1190,1.5464
0,1200,2.1025
0,1210,2.8849
0,1220,2.5532
0,1230,1.6172
0,1240,2.3725
0,1250,3.2107
0,1260,1.9002
0,1270,2.4181
0,1280,3.0811
0,1290,3.1949
0,1300,1.6419
0,1310,3.8884
0,1320,5.024
0,1330,3.6952
0,1340,4.767
0,1350,3.518
0,1360,4.802
0,1370,4.6378
0,1380,3.6054
0,1390,3.9853
0,1400,4.6017
0,1410,4.8162
0,1420,3.3309
0,1430,3.562
0,1440,3.2918
0,1450,3.7787
0,1460,3.2463
0,1470,4.6661
0,1480,4.6925
0,1490,3.7481
0,1500,4.7019
0,1510,4.1878
0,1520,4.2667
0,1530,3.884
0,1540,3.8391
0,1550,4.4555
0,1560,4.503
0,1570,4.4743
0,1580,3.4248
0,1590,4.9531
0,1600,4.5134
0,1610,4.3655
0,1620,3.4524
0,1630,4.4679
0,1640,4.4417
0,1650,4.2401
0,1660,3.2428
0,1670,3.9783
0,1680,3.5457
0,1690,2.9585
0,1700,3.0887
0,1710,3.4289
0,1720,3.2091
0,1730,3.0263
0,1740,3.8572
0,1750,3.8477
0,1760,2.6487
0,1770,3.3618
0,1780,2.9573
0,1790,2.6974
0,1800,3.052
0,1810,3.1891
0,1820,3.6537
0,1830,2.7535
0,1840,3.1047
0,1850,3.4277
0,1860,3.5595
0,1870,3.4258
0,1880,3.5266
0,1890,3.0344
0,1900,3.669
0,1910,3.6322
0,1920,3.3659
0,1930,4.0866
0,1940,3.2549
0,1950,3.4074
0,1960,3.9529
0,1970,3.3604
0,1980,2.9684
0,1990,2.7286
0,2000,2.7784
0,2010,2.5274
0,2020,3.3918
0,2030,2.3478
0,2040,2.3159
0,2050,2.1484
0,2060,2.7948
0,2070,2.1515
0,2080,2.0286
0,2090,1.7533
0,2100,2.2977
0,2110,2.3366
0,2120,1.6496
0,2130,1.5851
0,2140,1.5966
0,2150,1.6977
0,2160,1.5777
0,2170,1.7153
0,2180,1.8045
0,2190,1.7087
0,2200,1.9949
0,2210,2.3604
0,2220,2.5588
0,2230,2.4129
0,2240,2.3034
0,2250,2.6674
0,2260,2.5931
0,2270,2.6761
0,2280,3.1095
0,2290,2.5021
0,2300,2.7016
0,2310,2.5437
0,2320,2.8874
0,2330,2.8397
0,2340,2.5463
0,2350,2.299
0,2360,2.6785
0,2370,1.9447
0,2380,1.7941
0,2390,1.9296
0,2400,1.5878
0,2410,2.0821
0,2420,1.9735
0,2430,1.5677
0,2440,1.3781
0,2450,1.3116
0,2460,1.6783
0,2470,1.453
0,2480,1.4649
0,2490,1.1084
0,2500,1.1183
0,2510,1.0983
0,2520,1.1124
0,2530,1.0843
0,2540,1.3538
0,2550,1.2338
0,2560,1.4846
0,2570,1.5387
0,2580,1.3991
0,2590,1.4557
0,2600,1.6469
0,2610,2.0368
0,2620,2.1876
0,2630,1.9185
0,2640,2.2216
0,2650,1.6129
0,2660,1.803
0,2670,1.7624
0,2680,1.3902
0,2690,1.5806
0,2700,1.4639
0,2710,1.3564
0,2720,1.2192
0,2730,0.915
0,2740,0.9667
0,2750,0.8401
0,2760,1.1424
0,2770,0.5529
0,2780,1.0657
0,2790,0.7132
0,2800,0.5347
0,2810,0.3891
0,2820,0.8524
0,2830,0.4244
0,2840,0.5554
0,2850,0.3155
0,2860,0.3867
0,2870,0.6854
0,2880,0.8206
0,2890,0.8098
0,2900,1.0815
0,2910,0.9852
0,2920,1.0626
0,2930,1.195
0,2940,0.9832
0,2950,1.0784
0,2960,0.929
0,2970,1.0932
0,2980,0.9939
0,2990,0.949
0,3000,0.9083
0,3010,0.6965
0,3020,0.5269
0,3030,0.1187
0,3040,-0.1079
0,3050,-0.5945
0,3060,-0.7429
0,3070,-0.794
0,3080,-0.8793
0,3090,-1.0061
0,3100,-1.2942
0,3110,-1.0155
0,3120,-1.4114
0,3130,-1.9279
0,3140,-1.7039
0,3150,-1.7201
0,3160,-1.5334
0,3170,-1.5587
0,3180,-1.3085
0,3190,-1.2074
0,3200,-1.9181
0,3210,-1.4776
0,3220,-0.9473
0,3230,-1.0786
0,3240,-0.9615
0,3250,-0.9355
0,3260,-0.8528
0,3270,-0.5702
0,3280,-0.6582
0,3290,-0.1009
0,3300,-0.4402
0,3310,-0.0534
0,3320,0.0164
0,3330,0.0765
0,3340,-0.2096
0,3350,-0.2903
0,3360,-0.2843
0,3370,-0.4961
0,3380,-0.895
0,3390,-0.4599
0,3400,-0.8467
0,3410,-1.521
0,3420,-1.538
0,3430,-1.6901
0,3440,-1.8235
0,3450,-1.8808
0,3460,-2.0474
0,3470,-2.4088
0,3480,-2.205
0,3490,-2.4892
0,3500,-2.7444
0,3510,-3.1069
0,3520,-2.9798
0,3530,-2.7538
0,3540,-2.9745
0,3550,-3.0139
0,3560,-3.0443
0,3570,-2.7623
0,3580,-2.7606
0,3590,-2.5446
0,3600,-2.4901
0,3610,-2.1013
0,3620,-2.6158
0,3630,-2.6768
0,3640,-2.1219
0,3650,-1.9172
0,3660,-1.7856
0,3670,-2.0085
0,3680,-1.5244
0,3690,-1.0837
0,3700,-1.5386
0,3710,-1.3169
0,3720,-1.1504
0,3730,-1.1811
0,3740,-1.2067
0,3750,-1.2924
0,3760,-1.8076
0,3770,-1.281
0,3780,-1.3448
0,3790,-1.6736
0,3800,-1.5552
0,3810,-1.6711
0,3820,-2.0392
0,3830,-2.6749
0,3840,-2.2182
0,3850,-2.3603
0,3860,-2.3173
0,3870,-2.39
0,3880,-3.1404
0,3890,-2.556
0,3900,-3.113
0,3910,-3.3059
0,3920,-2.7827
0,3930,-3.2925
0,3940,-2.8062
0,3950,-2.6459
0,3960,-2.778
0,3970,-2.7351
0,3980,-2.7131
0,3990,-3.1346
0,4000,-2.2978
0,4010,4.4
0,4020,4.471
0,4030,4.2044
0,4040,4.0847
0,4050,4.575
0,4060,3.8075
0,4070,4.1665
0,4080,4.4464
0,4090,4.2558
0,4100,4.4204
0,4110,3.8799
0,4120,3.8788
0,4130,4.3445
0,4140,3.8016
0,4150,4.1908
0,4160,3.7071
0,4170,4.2184
0,4180,3.9934
0,4190,3.8595
0,4200,3.3998
0,4210,3.623
0,4220,3.8184
0,4230,4.3013
0,4240,4.2777
0,4250,4.1235
0,4260,4.2345
0,4270,4.1242
0,4280,3.6966
0,4290,4.2456
0,4300,3.5303
0,4310,4.1259
0,4320,4.0116
0,4330,3.8766
0,4340,3.3666
0,4350,3.5926
0,4360,3.7828
0,4370,3.5197
0,4380,3.2003
0,4390,3.1021
0,4400,2.9601
0,4410,2.1705
0,4420,2.7882
0,4430,2.7128
0,4440,2.0056
0,4450,2.3503
0,4460,1.9957
0,4470,1.9283
0,4480,1.543
0,4490,1.0755
0,4500,1.5849
0,4510,1.7001
0,4520,1.5835
0,4530,1.4797
0,4540,1.0311
0,4550,1.855
0,4560,1.1054
0,4570,1.8119
0,4580,1.9749
0,4590,2.0268
0,4600,1.8518
0,4610,2.0867
0,4620,1.9891
0,4630,2.1252
0,4640,2.541
0,4650,1.9164
0,4660,2.6832
0,4670,2.7593
0,4680,2.8763
0,4690,2.6698
0,4700,2.7304
0,4710,2.902
0,4720,3.1336
0,4730,2.1558
0,4740,2.1425
0,4750,2.7857
0,4760,2.0177
0,4770,2.8627
0,4780,2.511
0,4790,2.3293
0,4800,2.5123
0,4810,2.1725
0,4820,2.3217
0,4830,1.2558
0,4840,2.1428
0,4850,1.803
0,4860,1.852
0,4870,1.66
0,4880,1.5836
0,4890,1.6736
0,4900,1.57
0,4910,0.6624
0,4920,1.4568
0,4930,1.2295
0,4940,1.5785
0,4950,1.1037
0,4960,1.4752
0,4970,1.5503
0,4980,1.5639
0,4990,1.3506
0,5000,1.3063
0,5010,1.5434
0,5020,1.3618
0,5030,0.58
0,5040,1.4709
0,5050,1.4522
0,5060,1.5875
0,5070,1.7387
0,5080,0.6714
0,5090,0.5566
0,5100,1.6797
0,5110,0.759
0,5120,1.4256
0,5130,1.4435
0,5140,1.4789
0,5150,1.4224
0,5160,1.6197
0,5170,1.5081
0,5180,1.2968
0,5190,1.6152
0,5200,1.4366
0,5210,1.2682
0,5220,1.4088
0,5230,1.258
0,5240,0.982
0,5250,1.2131
0,5260,0.3179
0,5270,0.2686
0,5280,1.3555
0,5290,0.4329
0,5300,1.1085
0,5310,0.0685
0,5320,0.9946
0,5330,-0.1009
0,5340,0.9702
0,5350,-0.1527
0,5360,0.6358
0,5370,0.5008
0,5380,-0.291
0,5390,0.3664
0,5400,-0.2982
0,5410,0.0563
0,5420,-0.0647
0,5430,-0.8346
0,5440,-0.0453
0,5450,-0.1972
0,5460,-0.2731
0,5470,-0.6908
0,5480,-1.5574
0,5490,-1.1522
0,5500,-1.7588
0,5510,-1.5218
0,5520,-1.3174
0,5530,-1.9146
0,5540,-1.9244
0,5550,-0.6583
0,5560,-1.9321
0,5570,-1.8846
0,5580,-1.2357
0,5590,-0.7907
0,5600,-0.9741
0,5610,-2.061
0,5620,-0.8675
0,5630,-1.1939
0,5640,-0.7072
0,5650,-0.9705
0,5660,-1.7863
0,5670,-2.2935
0,5680,-1.2241
0,5690,-1.2875
0,5700,-1.4412
0,5710,-2.1623
0,5720,-2.5053
0,5730,-2.4451
0,5740,-3.2899
0,5750,-2.2891
0,5760,-2.3507
0,5770,-2.5355
0,5780,-3.0526
0,5790,-2.9398
0,5800,-3.0633
0,5810,-3.5282
0,5820,-4.9706
0,5830,-3.1545
0,5840,-3.2935
0,5850,-3.4439
0,5860,-3.8021
0,5870,-3.5864
0,5880,-4.5278
0,5890,-5.1718
0,5900,-3.42
0,5910,-3.4391
0,5920,-4.4142
0,5930,-3.4607
0,5940,-3.3737
0,5950,-3.3112
0,5960,-3.2992
0,5970,-3.3461
0,5980,-3.8993
0,5990,-3.2266
0,6000,-3.128
1,70,-7.5299
1,80,-11.3113
1,90,-6.8808
1,100,-5.3784
1,110,-5.7997
1,120,-3.4787
1,130,-4.6538
1,140,-2.1787
1,150,-2.4748
1,160,-2.2975
1,170,-0.7861
1,180,-1.3765
1,190,-0.5253
1,200,-1.6503
1,210,-0.2718
1,220,-1.5504
1,230,-0.9702
1,240,-0.2795
1,250,-0.8692
1,260,-0.3148
1,270,0.5743
1,280,0.2743
1,290,-1.0558
1,300,-0.717
1,310,0.8123
1,320,0.5852
1,330,0.593
1,340,0.5302
1,350,1.6956
1,360,1.7953
1,370,0.5552
1,380,0.1149
1,390,2.2543
1,400,0.5481
1,410,1.3758
1,420,0.225
1,430,0.225
1,440,1.3278
1,450,1.887
1,460,-0.1772
1,470,0.0497
1,480,1.3556
1,490,0.5483
1,500,2.3981
1,510,1.7998
1,520,0.6622
1,530,2.1495
1,540,1.3156
1,550,0.941
1,560,2.1626
1,570,2.9837
1,580,1.8106
1,590,3.0118
1,600,1.4847
1,610,2.8791
1,620,0.9494
1,630,0.9887
1,640,2.0806
1,650,2.3564
1,660,2.3397
1,670,2.8678
1,680,2.6713
1,690,2.341
1,700,1.3896
1,710,1.9212
1,720,1.8897
1,730,3.1206
1,740,2.922
1,750,1.6294
1,760,2.7233
1,770,2.9741
1,780,2.0531
1,790,2.9417
1,800,3.3975
1,810,1.7174
1,820,1.4604
1,830,1.7135
1,840,3.0359
1,850,2.6736
1,860,3.0816
1,870,2.9946
1,880,2.2481
1,890,1.6373
1,900,2.0928
1,910,1.9234
1,920,2.3232
1,930,3.0541
1,940,3.082
1,950,3.391
1,960,1.684
1,970,3.2518
1,980,3.2439
1,990,2.397
1,1000,1.4465
1,1010,1.9155
1,1020,2.1568
1,1030,2.1494
1,1040,2.0724
1,1050,2.5497
1,1060,2.3525
1,1070,3.285
1,1080,2.1465
1,1090,3.0092
1,1100,2.7764
1,1110,3.2239
1,1120,1.7251
1,1130,2.1446
1,1140,2.4283
1,1150,2.1542
1,1160,1.6076
1,1170,1.6344
1,1180,2.355
1,1190,1.7514
1,1200,1.6426
1,1210,1.4511
1,1220,1.6005
1,1230,1.4881
1,1240,2.3265
1,1250,2.8582
1,1260,1.6847
1,1270,3.029
1,1280,1.6006
1,1290,2.0865
1,1300,2.1471
1,1310,4.8926
1,1320,3.9598
1,1330,3.6973
1,1340,5.1216
1,1350,4.0093
1,1360,3.8551
1,1370,4.0773
1,1380,4.0906
1,1390,3.6659
1,1400,4.467
1,1410,4.5027
1,1420,3.7096
1,1430,3.787
1,1440,4.3406
1,1450,3.5535
1,1460,4.3247
1,1470,4.4729
1,1480,3.6669
1,1490,4.5402
1,1500,3.4145
1,1510,3.9804
1,1520,3.3677
1,1530,3.8481
1,1540,3.0793
1,1550,3.3692
1,1560,3.5198
1,1570,3.1354
1,1580,3.1838
1,1590,2.8078
1,1600,3.9775
1,1610,3.8586
1,1620,3.2213
1,1630,3.7025
1,1640,3.436
1,1650,3.0273
1,1660,3.4885
1,1670,3.5448
1,1680,3.3864
1,1690,3.416
1,1700,3.6719
1,1710,3.4994
1,1720,3.3531
1,1730,2.4124
1,1740,3.1089
1,1750,2.7383
1,1760,2.9221
1,1770,2.7135
1,1780,2.881
1,1790,2.7331
1,1800,1.7406
1,1810,2.9059
1,1820,2.7576
1,1830,2.2043
1,1840,3.3393
1,1850,2.9034
1,1860,3.5973
1,1870,3.5843
1,1880,3.656
1,1890,3.2203
1,1900,3.0658
1,1910,3.4356
1,1920,2.9282
1,1930,3.0192
1,1940,2.2647
1,1950,2.3421
1,1960,2.5097
1,1970,1.9131
1,1980,2.3544
1,1990,2.4486
1,2000,2.3394
1,2010,1.8278
1,2020,2.1091
1,2030,2.8888
1,2040,2.9267
1,2050,3.0512
1,2060,3.0325
1,2070,3.0775
1,2080,2.6458
1,2090,2.977
1,2100,2.3572
1,2110,2.1749
1,2120,2.3893
1,2130,2.0387
1,2140,1.4689
1,2150,1.4571
1,2160,1.3458
1,2170,1.1759
1,2180,0.9684
1,2190,0.573
1,2200,0.9711
1,2210,1.1337
1,2220,1.2859
1,2230,0.9557
1,2240,1.4733
1,2250,1.3748
1,2260,1.5866
1,2270,2.1285
1,2280,2.3438
1,2290,2.3361
1,2300,2.1577
1,2310,2.264
1,2320,2.0682
1,2330,2.2298
1,2340,1.6155
1,2350,1.7253
1,2360,1.7027
1,2370,1.2022
1,2380,1.4655
1,2390,1.4497
1,2400,1.4695
1,2410,1.4789
1,2420,1.4538
1,2430,1.6319
1,2440,1.6059
1,2450,1.7518
1,2460,1.9357
1,2470,1.9928
1,2480,1.8232
1,2490,1.7933
1,2500,1.7873
1,2510,1.589
1,2520,1.2035
1,2530,0.7977
1,2540,0.8563
1,2550,0.5309
1,2560,0.8369
1,2570,0.8475
1,2580,0.8409
1,2590,0.7209
1,2600,0.5547
1,2610,1.0965
1,2620,1.2486
1,2630,1.4211
1,2640,1.5302
1,2650,1.4622
1,2660,1.6398
1,2670,1.1035
1,2680,1.369
1,2690,1.2234
1,2700,1.1067
1,2710,0.7173
1,2720,0.8231
1,2730,0.5663
1,2740,0.5166
1,2750,-0.0779
1,2760,0.2703
1,2770,0.1468
1,2780,0.3763
1,2790,0.2515
1,2800,-0.0077
1,2810,0.383
1,2820,0.759
1,2830,0.828
1,2840,0.8448
1,2850,0.9301
1,2860,0.3701
1,2870,0.7064
1,2880,0.6546
1,2890,0.3872
1,2900,0.1864
1,2910,0.0673
1,2920,-0.1368
1,2930,-0.1483
1,2940,-0.6167
1,2950,-0.2732
1,2960,-0.3308
1,2970,-0.2027
1,2980,-0.572
1,2990,-0.9997
1,3000,-1.2953
1,3010,-2.639
1,3020,-4.0069
1,3030,-5.9848
1,3040,-7.5449
1,3050,-7.5698
1,3060,-5.0264
1,3070,-3.4937
1,3080,-3.0335
1,3090,-2.7761
1,3100,-2.3389
1,3110,-2.4974
1,3120,-3.2853
1,3130,-2.7931
1,3140,-3.4873
1,3150,-3.8146
1,3160,-3.1146
1,3170,-3.153
1,3180,-2.9611
1,3190,-2.7295
1,3200,-2.9661
1,3210,-2.1558
1,3220,-2.4622
1,3230,-1.5992
1,3240,-1.676
1,3250,-1.8089
1,3260,-1.2618
1,3270,-1.6401
1,3280,-1.5643
1,3290,-1.9449
1,3300,-2.499
1,3310,-2.7911
1,3320,-2.8638
1,3330,-3.411
1,3340,-3.6013
1,3350,-4.2163
1,3360,-3.8113
1,3370,-3.9874
1,3380,-4.1277
1,3390,-4.635
1,3400,-4.5088
1,3410,-5.0706
1,3420,-6.1277
1,3430,-7.6983
1,3440,-9.5551
1,3450,-10.8883
1,3460,-10.5645
1,3470,-7.7239
1,3480,-6.1241
1,3490,-4.7019
1,3500,-4.3173
1,3510,-3.785
1,3520,-3.4731
1,3530,-3.8742
1,3540,-3.8006
1,3550,-4.4306
1,3560,-4.1743
1,3570,-5.132
1,3580,-4.7865
1,3590,-4.1785
1,3600,-4.4147
1,3610,-3.9521
1,3620,-4.612
1,3630,-3.6635
1,3640,-3.7006
1,3650,-2.922
1,3660,-2.6179
1,3670,-2.4639
1,3680,-2.4864
1,3690,-2.9032
1,3700,-2.2011
1,3710,-2.6501
1,3720,-2.9345
1,3730,-2.9157
1,3740,-2.8954
1,3750,-2.9892
1,3760,-3.7172
1,3770,-4.0831
1,3780,-3.8081
1,3790,-4.156
1,3800,-4.6211
1,3810,-5.1889
1,3820,-6.3426
1,3830,-6.824
1,3840,-7.3063
1,3850,-5.9608
1,3860,-6.122
1,3870,-5.2334
1,3880,-3.9751
1,3890,-4.7083
1,3900,-4.0374
1,3910,-3.5483
1,3920,-3.666
1,3930,-3.121
1,3940,-4.2767
1,3950,-3.531
1,3960,-4.0945
1,3970,-4.1018
1,3980,-3.6667
1,3990,-3.4574
1,4000,-3.3563
1,4010,2.9202
1,4020,2.8786
1,4030,3.014
1,4040,3.403
1,4050,3.8071
1,4060,2.9104
1,4070,3.2453
1,4080,3.3409
1,4090,3.3982
1,4100,3.2846
1,4110,2.8827
1,4120,1.9881
1,4130,2.2788
1,4140,1.7274
1,4150,1.2106
1,4160,0.8224
1,4170,0.025
1,4180,-1.6429
1,4190,-3.8847
1,4200,-3.8588
1,4210,-3.5208
1,4220,-2.1958
1,4230,-0.5393
1,4240,0.7519
1,4250,1.3642
1,4260,2.3084
1,4270,2.4877
1,4280,1.7242
1,4290,1.8093
1,4300,2.6101
1,4310,1.5924
1,4320,2.6099
1,4330,2.3379
1,4340,1.5852
1,4350,2.7358
1,4360,2.7049
1,4370,2.3641
1,4380,1.7836
1,4390,2.3123
1,4400,2.563
1,4410,2.1361
1,4420,1.3186
1,4430,1.0586
1,4440,1.706
1,4450,1.4891
1,4460,1.0825
1,4470,-0.1799
1,4480,0.6222
1,4490,-0.4846
1,4500,-0.2547
1,4510,-0.6998
1,4520,0.0252
1,4530,-0.2771
1,4540,-1.3103
1,4550,-0.098
1,4560,-0.9119
1,4570,-0.0555
1,4580,-0.6402
1,4590,-0.6021
1,4600,-0.7952
1,4610,-1.622
1,4620,-1.3215
1,4630,-1.6866
1,4640,-1.4218
1,4650,-0.2175
1,4660,-0.8321
1,4670,-0.6567
1,4680,-1.7255
1,4690,-0.5984
1,4700,-1.236
1,4710,-2.2064
1,4720,-2.4558
1,4730,-1.7816
1,4740,-2.446
1,4750,-1.6066
1,4760,-2.3839
1,4770,-0.7811
1,4780,-1.0672
1,4790,-1.6628
1,4800,-1.0583
1,4810,-0.2848
1,4820,-0.1387
1,4830,-0.6377
1,4840,-0.545
1,4850,0.6437
1,4860,-0.0907
1,4870,0.785
1,4880,0.5474
1,4890,0.5057
1,4900,-1.1591
1,4910,-1.7961
1,4920,-2.0293
1,4930,-3.4624
1,4940,-5.3895
1,4950,-5.0143
1,4960,-4.7963
1,4970,-5.8112
1,4980,-4.2676
1,4990,-2.9642
1,5000,-2.5033
1,5010,-2.5621
1,5020,-1.4452
1,5030,-1.773
1,5040,-0.8466
1,5050,-0.4037
1,5060,-1.2088
1,5070,0.1009
1,5080,0.2736
1,5090,0.3648
1,5100,-0.1205
1,5110,0.4041
1,5120,0.4383
1,5130,-0.3535
1,5140,0.437
1,5150,0.0406
1,5160,0.1098
1,5170,-0.351
1,5180,-0.3349
1,5190,-0.6405
1,5200,-1.5205
1,5210,-1.63
1,5220,-1.7617
1,5230,-3.5472
1,5240,-2.8501
1,5250,-3.5053
1,5260,-4.2009
1,5270,-6.5461
1,5280,-6.0366
1,5290,-4.396
1,5300,-3.8438
1,5310,-2.7044
1,5320,-2.2097
1,5330,-1.9368
1,5340,-2.8231
1,5350,-1.6593
1,5360,-2.2816
1,5370,-1.4577
1,5380,-1.3214
1,5390,-2.3718
1,5400,-3.0704
1,5410,-1.9411
1,5420,-2.0357
1,5430,-2.0472
1,5440,-2.9664
1,5450,-2.7226
1,5460,-4.1237
1,5470,-3.6802
1,5480,-3.5097
1,5490,-4.4537
1,5500,-2.6155
1,5510,-2.6646
1,5520,-2.8732
1,5530,-4.3281
1,5540,-4.014
1,5550,-4.1205
1,5560,-3.7448
1,5570,-3.4922
1,5580,-5.398
1,5590,-4.8026
1,5600,-5.779
1,5610,-5.7916
1,5620,-7.4331
1,5630,-4.9412
1,5640,-4.8394
1,5650,-4.6832
1,5660,-4.2668
1,5670,-4.8179
1,5680,-4.3297
1,5690,-4.3069
1,5700,-4.4206
1,5710,-3.8564
1,5720,-4.5954
1,5730,-4.9784
1,5740,-3.4974
1,5750,-4.2114
1,5760,-3.3401
1,5770,-3.3992
1,5780,-4.5046
1,5790,-4.5688
1,5800,-3.5059
1,5810,-3.7786
1,5820,-4.0287
1,5830,-4.5229
1,5840,-4.7263
1,5850,-4.6601
1,5860,-5.1862
1,5870,-7.0968
1,5880,-5.3342
1,5890,-5.9943
1,5900,-5.972
1,5910,-5.6842
1,5920,-5.1526
1,5930,-4.9154
1,5940,-4.9805
1,5950,-5.7835
1,5960,-6.2529
1,5970,-4.4314
1,5980,-4.6694
1,5990,-4.101
1,6000,-3.6972
2,70,-11.6416
2,80,-5.798
2,90,-6.5617
2,100,-3.3161
2,110,-3.2906
2,120,-4.2842
2,130,-4.4423
2,140,-3.1475
2,150,-2.0786
2,160,-2.4555
2,170,-3.024
2,180,-0.6631
2,190,-1.1259
2,200,-1.0678
2,210,-0.6727
2,220,-0.801
2,230,-2.523
2,240,-1.4187
2,250,0.3871
2,260,-0.2808
2,270,-0.8784
2,280,-1.5487
2,290,0.5286
2,300,0.6002
2,310,-0.8521
2,320,-1.2121
2,330,-1.0928
2,340,1.1518
2,350,0.3906
2,360,-0.1555
2,370,1.4699
2,380,1.3553
2,390,0.2307
2,400,2.5474
2,410,1.0596
2,420,-0.8577
2,430,1.8278
2,440,0.9725
2,450,0.8416
2,460,-0.7826
2,470,1.5048
2,480,1.1025
2,490,1.105
2,500,1.4259
2,510,2.1651
2,520,2.591
2,530,0.5884
2,540,2.4992
2,550,0.7934
2,560,1.0579
2,570,-0.1526
2,580,1.3496
2,590,3.2482
2,600,2.8923
2,610,0.6762
2,620,1.424
2,630,0.2684
2,640,1.1721
2,650,1.7201
2,660,2.6295
2,670,3.0798
2,680,2.4993
2,690,3.2429
2,700,0.8822
2,710,2.2798
2,720,1.6194
2,730,2.2035
2,740,2.482
2,750,3.0373
2,760,3.0432
2,770,2.3297
2,780,3.1955
2,790,2.2214
2,800,3.3397
2,810,3.381
2,820,1.842
2,830,2.3281
2,840,3.0969
2,850,1.3671
2,860,1.7942
2,870,2.303
2,880,2.5086
2,890,1.8737
2,900,2.0074
2,910,1.963
2,920,1.9406
2,930,2.6497
2,940,2.9378
2,950,2.6192
2,960,3.3438
2,970,2.4846
2,980,2.6511
2,990,2.1438
2,1000,2.1192
2,1010,2.1744
2,1020,3.297
2,1030,2.231
2,1040,1.3058
2,1050,3.2785
2,1060,3.7329
2,1070,3.5039
2,1080,3.2648
2,1090,2.2057
2,1100,2.3079
2,1110,1.8289
2,1120,2.6991
2,1130,2.9647
2,1140,2.4021
2,1150,1.4632
2,1160,0.7167
2,1170,2.0074
2,1180,1.5006
2,1190,1.6181
2,1200,2.2159
2,1210,2.8003
2,1220,1.6315
2,1230,0.5143
2,1240,-1.2927
2,1250,-0.9596
2,1260,-2.8765
2,1270,-1.584
2,1280,-2.2843
2,1290,-0.9442
2,1300,2.713
2,1310,3.6514
2,1320,3.1796
2,1330,3.0471
2,1340,3.7684
2,1350,2.589
2,1360,1.9402
2,1370,3.0068
2,1380,3.5111
2,1390,3.1953
2,1400,2.8734
2,1410,2.6527
2,1420,4.5285
2,1430,2.1272
2,1440,2.179
2,1450,2.6274
2,1460,3.7656
2,1470,3.6735
2,1480,2.3985
2,1490,1.4584
2,1500,4.4889
2,1510,3.112
2,1520,3.2009
2,1530,3.2752
2,1540,3.4956
2,1550,2.3065
2,1560,3.5767
2,1570,3.5263
2,1580,3.8273
2,1590,2.7844
2,1600,2.7604
2,1610,2.383
2,1620,2.1737
2,1630,2.4916
2,1640,2.9796
2,1650,2.9081
2,1660,3.0598
2,1670,3.2026
2,1680,2.0614
2,1690,2.5374
2,1700,2.5066
2,1710,1.9853
2,1720,0.6224
2,1730,2.0058
2,1740,1.552
2,1750,1.5419
2,1760,1.9271
2,1770,0.9251
2,1780,1.6963
2,1790,2.8036
2,1800,2.3671
2,1810,2.2403
2,1820,2.3375
2,1830,2.2648
2,1840,1.2302
2,1850,1.2606
2,1860,1.7322
2,1870,1.352
2,1880,0.9577
2,1890,2.1244
2,1900,2.0021
2,1910,0.276
2,1920,0.2501
2,1930,2.4658
2,1940,0.855
2,1950,0.7433
2,1960,0.8328
2,1970,1.0701
2,1980,0.2414
2,1990,0.5489
2,2000,1.0745
2,2010,0.9906
2,2020,0.064
2,2030,0.1045
2,2040,1.3377
2,2050,1.2247
2,2060,-0.1462
2,2070,-0.285
2,2080,1.4698
2,2090,0.0432
2,2100,-1.8305
2,2110,-0.5373
2,2120,1.8244
2,2130,-0.3016
2,2140,-0.8177
2,2150,0.106
2,2160,0.2754
2,2170,-2.1915
2,2180,-1.8385
2,2190,0.6979
2,2200,0.5189
2,2210,-0.6144
2,2220,-0.4798
2,2230,0.0398
2,2240,-1.7341
2,2250,-3.5817
2,2260,-2.0469
2,2270,-0.1347
2,2280,0.2616
2,2290,-0.9044
2,2300,-0.8998
2,2310,-2.009
2,2320,-3.7981
2,2330,-3.5047
2,2340,-1.9351
2,2350,-0.3917
2,2360,-1.0284
2,2370,-1.2234
2,2380,-1.4278
2,2390,-2.75
2,2400,-4.1918
2,2410,-3.3672
2,2420,-1.0465
2,2430,-0.4154
2,2440,-0.5171
2,2450,-0.276
2,2460,-2.5813
2,2470,-3.8779
2,2480,-4.1631
2,2490,-1.9608
2,2500,-0.2743
2,2510,-0.8391
2,2520,-0.127
2,2530,-1.8964
2,2540,-2.8644
2,2550,-4.3153
2,2560,-2.774
2,2570,-1.9173
2,2580,-1.2357
2,2590,-0.6433
2,2600,-1.1298
2,2610,-1.6555
2,2620,-3.2787
2,2630,-3.2904
2,2640,-2.1818
2,2650,-0.6546
2,2660,-1.3909
2,2670,-1.0724
2,2680,-0.7553
2,2690,-2.9417
2,2700,-3.1822
2,2710,-1.5986
2,2720,-2.1796
2,2730,-1.0643
2,2740,-1.5214
2,2750,-0.802
2,2760,-1.5184
2,2770,-2.6353
2,2780,-1.591
2,2790,-2.1635
2,2800,-1.9008
2,2810,-2.1026
2,2820,-1.2892
2,2830,-2.3617
2,2840,-2.7134
2,2850,-2.2996
2,2860,-2.3285
2,2870,-1.9185
2,2880,-1.6628
2,2890,-1.8745
2,2900,-1.0547
2,2910,-1.5364
2,2920,-1.7313
2,2930,-1.7863
2,2940,-2.7778
2,2950,-3.4546
2,2960,-2.6486
2,2970,-2.832
2,2980,-2.5062
2,2990,-4.1685
2,3000,-4.9594
2,3010,-6.8756
2,3020,-8.3076
2,3030,-7.3429
2,3040,-5.3866
2,3050,-4.9163
2,3060,-6.5152
2,3070,-5.651
2,3080,-3.2397
2,3090,-4.9622
2,3100,-4.9952
2,3110,-5.5623
2,3120,-3.1681
2,3130,-3.4603
2,3140,-2.61
2,3150,-2.9755
2,3160,-3.483
2,3170,-3.5558
2,3180,-3.2477
2,3190,-2.6054
2,3200,-3.2762
2,3210,-3.5541
2,3220,-3.1595
2,3230,-7.2204
2,3240,-6.186
2,3250,-4.8251
2,3260,-2.7652
2,3270,-3.8691
2,3280,-3.8788
2,3290,-4.1292
2,3300,-4.3151
2,3310,-4.3719
2,3320,-4.9345
2,3330,-3.4699
2,3340,-3.4892
2,3350,-4.1676
2,3360,-4.4448
2,3370,-5.9646
2,3380,-6.7424
2,3390,-6.7417
2,3400,-5.5865
2,3410,-5.1723
2,3420,-6.4585
2,3430,-8.2118
2,3440,-9.5089
2,3450,-11.0647
2,3460,-10.4673
2,3470,-12.0004
2,3480,-10.7249
2,3490,-10.0262
2,3500,-8.945
2,3510,-6.0581
2,3520,-6.1022
2,3530,-6.6885
2,3540,-7.2761
2,3550,-8.2702
2,3560,-7.1844
2,3570,-7.0098
2,3580,-6.152
2,3590,-5.8901
2,3600,-6.8586
2,3610,-7.3419
2,3620,-7.1348
2,3630,-6.698
2,3640,-6.8157
2,3650,-5.4376
2,3660,-4.7501
2,3670,-6.4208
2,3680,-8.0724
2,3690,-7.4521
2,3700,-6.2542
2,3710,-7.1707
2,3720,-7.2269
2,3730,-5.4338
2,3740,-5.9485
2,3750,-7.3021
2,3760,-7.7428
2,3770,-6.7448
2,3780,-7.0796
2,3790,-7.1618
2,3800,-5.9997
2,3810,-7.6131
2,3820,-8.375
2,3830,-9.1728
2,3840,-9.2671
2,3850,-9.541
2,3860,-11.5556
2,3870,-11.3245
2,3880,-12.1342
2,3890,-11.1903
2,3900,-10.7169
2,3910,-8.4031
2,3920,-7.9268
2,3930,-8.3518
2,3940,-10.0837
2,3950,-8.6428
2,3960,-7.3132
2,3970,-7.3924
2,3980,-7.8047
2,3990,-8.0661
2,4000,-8.0818
2,4010,-1.6849
2,4020,-1.1916
2,4030,-1.8809
2,4040,-1.0746
2,4050,-1.9679
2,4060,-0.8263
2,4070,-1.2783
2,4080,-2.1972
2,4090,-1.4267
2,4100,-1.2534
2,4110,-1.6396
2,4120,-1.8054
2,4130,-1.8641
2,4140,-1.4156
2,4150,-2.6065
2,4160,-2.8426
2,4170,-4.2076
2,4180,-3.1444
2,4190,-3.1938
2,4200,-3.3626
2,4210,-4.1289
2,4220,-5.9705
2,4230,-7.5297
2,4240,-5.1879
2,4250,-5.3302
2,4260,-4.4975
2,4270,-3.6821
2,4280,-2.218
2,4290,-3.2787
2,4300,-3.735
2,4310,-2.5779
2,4320,-2.9639
2,4330,-3.5387
2,4340,-2.6741
2,4350,-3.2127
2,4360,-2.317
2,4370,-2.9238
2,4380,-3.118
2,4390,-4.2989
2,4400,-4.0768
2,4410,-3.9599
2,4420,-3.6189
2,4430,-2.4758
2,4440,-3.871
2,4450,-3.1779
2,4460,-4.6883
2,4470,-3.9486
2,4480,-4.9208
2,4490,-3.858
2,4500,-4.0669
2,4510,-4.5693
2,4520,-4.7708
2,4530,-4.1914
2,4540,-5.8286
2,4550,-6.8983
2,4560,-6.3326
2,4570,-5.528
2,4580,-6.6404
2,4590,-6.8471
2,4600,-9.8211
2,4610,-11.1644
2,4620,-11.5225
2,4630,-7.6381
2,4640,-6.1585
2,4650,-6.0163
2,4660,-6.403
2,4670,-6.7276
2,4680,-6.0293
2,4690,-5.7162
2,4700,-5.5434
2,4710,-6.4013
2,4720,-5.374
2,4730,-5.5406
2,4740,-7.0758
2,4750,-7.2035
2,4760,-5.7175
2,4770,-5.4246
2,4780,-6.3092
2,4790,-6.9321
2,4800,-6.51
2,4810,-5.8792
2,4820,-8.0482
2,4830,-10.0265
2,4840,-9.3547
2,4850,-7.7419
2,4860,-6.2971
2,4870,-6.8434
2,4880,-9.5859
2,4890,-13.4686
2,4900,-10.2333
2,4910,-11.997
2,4920,-10.6855
2,4930,-10.4435
2,4940,-11.201
2,4950,-12.6474
2,4960,-14.9254
2,4970,-11.9504
2,4980,-11.6423
2,4990,-8.0319
2,5000,-8.1783
2,5010,-8.6375
2,5020,-8.0861
2,5030,-7.1215
2,5040,-8.4721
2,5050,-6.927
2,5060,-7.1157
2,5070,-5.7075
2,5080,-6.1364
2,5090,-6.4069
2,5100,-7.1191
2,5110,-8.2672
2,5120,-6.4299
2,5130,-5.739
2,5140,-5.2014
2,5150,-7.2645
2,5160,-5.9402
2,5170,-5.5226
2,5180,-5.9517
2,5190,-6.7711
2,5200,-6.5905
2,5210,-7.2854
2,5220,-8.0129
2,5230,-9.4566
2,5240,-9.0718
2,5250,-8.2549
2,5260,-9.6843
2,5270,-9.5597
2,5280,-8.7478
2,5290,-7.699
2,5300,-9.5147
2,5310,-9.495
2,5320,-10.4103
2,5330,-8.4359
2,5340,-7.7039
2,5350,-7.5556
2,5360,-7.9562
2,5370,-9.7641
2,5380,-10.0588
2,5390,-8.964
2,5400,-7.1753
2,5410,-8.2364
2,5420,-7.1063
2,5430,-7.3251
2,5440,-7.2845
2,5450,-11.3624
2,5460,-12.2533
2,5470,-9.5082
2,5480,-7.6326
2,5490,-9.5268
2,5500,-8.266
2,5510,-8.6457
2,5520,-12.9759
2,5530,-14.8829
2,5540,-15.0978
2,5550,-13.1158
2,5560,-13.0529
2,5570,-13.0233
2,5580,-14.8342
2,5590,-17.4764
2,5600,-18.3409
2,5610,-18.8517
2,5620,-16.1958
2,5630,-14.2613
2,5640,-13.5335
2,5650,-13.0282
2,5660,-9.2182
2,5670,-11.6156
2,5680,-15.0357
2,5690,-13.8879
2,5700,-14.9336
2,5710,-14.5656
2,5720,-12.3645
2,5730,-13.7945
2,5740,-12.5996
2,5750,-13.5481
2,5760,-13.6977
2,5770,-13.5114
2,5780,-14.6854
2,5790,-14.484
2,5800,-9.6861
2,5810,-1.9555
2,5820,-2.3258
2,5830,-3.3531
2,5840,-3.4132
2,5850,-2.3165
2,5860,-2.4779
2,5870,-4.2236
2,5880,-3.4871
2,5890,-2.5228
2,5900,-2571
2,5910,-4.2124
2,5920,-2.6384
2,5930,-2.7266
2,5940,-2.6123
2,5950,-2.7664
2,5960,-2.4664
2,5970,-4.0836
2,5980,-3.9314
2,5990,-2.3762
2,6000,-2.2868
3,70,-6.4842
3,80,-9.4965
3,90,-7.0526
3,100,-4.7902
3,110,-5.0921
3,120,-5.7803
3,130,-5.0426
3,140,-1.8128
3,150,-2.7767
3,160,-1.5289
3,170,-1.303
3,180,-2.0516
3,190,-1.217
3,200,-0.9872
3,210,-1.2974
3,220,-1.0941
3,230,-0.1151
3,240,-2.7264
3,250,-1.1911
3,260,-2.0343
3,270,-0.1062
3,280,-1.5465
3,290,0.0627
3,300,-1.5297
3,310,0.2096
3,320,-0.8561
3,330,-0.3208
3,340,1.0339
3,350,-0.2213
3,360,-0.1174
3,370,-0.1566
3,380,0.9398
3,390,1.4718
3,400,0.1714
3,410,0.1354
3,420,1.58
3,430,1.9378
3,440,1.9366
3,450,0.2777
3,460,-0.0581
3,470,1.2104
3,480,0.4249
3,490,0.3921
3,500,0.5268
3,510,1.3678
3,520,0.8421
3,530,1.5923
3,540,2.8702
3,550,2.4161
3,560,1.0693
3,570,0.8025
3,580,2.7018
3,590,0.5316
3,600,0.9035
3,610,1.7295
3,620,0.8286
3,630,2.3209
3,640,2.3125
3,650,2.2068
3,660,2.7435
3,670,1.8929
3,680,2.4124
3,690,1.5877
3,700,1.3291
3,710,1.4578
3,720,2.5132
3,730,1.9122
3,740,1.0989
3,750,1.948
3,760,2.4728
3,770,2.5034
3,780,2.1606
3,790,2.6425
3,800,1.3329
3,810,1.7106
3,820,1.4714
3,830,1.3321
3,840,1.808
3,850,1.6011
3,860,1.3454
3,870,2.4029
3,880,1.7743
3,890,1.9784
3,900,1.3456
3,910,1.48
3,920,2.7312
3,930,2.258
3,940,1.4815
3,950,1.6806
3,960,2.2841
3,970,1.8466
3,980,1.4642
3,990,2.4527
3,1000,1.5748
3,1010,2.0409
3,1020,3.0776
3,1030,2.8302
3,1040,1.8701
3,1050,2.6597
3,1060,2.0102
3,1070,1.7546
3,1080,2.1898
3,1090,3.3622
3,1100,2.6637
3,1110,1.7181
3,1120,1.4755
3,1130,2.7729
3,1140,1.5943
3,1150,2.8127
3,1160,3.0804
3,1170,2.5574
3,1180,1.5026
3,1190,1.6559
3,1200,1.6741
3,1210,2.4158
3,1220,2.8961
3,1230,1.5636
3,1240,1.9192
3,1250,1.7241
3,1260,2.901
3,1270,2.1524
3,1280,1.8051
3,1290,1.9258
3,1300,1.858
3,1310,4.5022
3,1320,3.5568
3,1330,3.7761
3,1340,3.8113
3,1350,3.6444
3,1360,3.7168
3,1370,4.759
3,1380,4.327
3,1390,4.6899
3,1400,3.4367
3,1410,4.2763
3,1420,4.2173
3,1430,3.6694
3,1440,4.7912
3,1450,3.4837
3,1460,3.488
3,1470,4.1403
3,1480,4.5345
3,1490,4.4963
3,1500,4.3604
3,1510,3.707
3,1520,2.9419
3,1530,3.1638
3,1540,3.6702
3,1550,2.853
3,1560,4.1239
3,1570,3.5619
3,1580,3.0598
3,1590,3.4389
3,1600,3.2188
3,1610,3.025
3,1620,3.1168
3,1630,4.3707
3,1640,3.7784
3,1650,3.0076
3,1660,3.5396
3,1670,2.7717
3,1680,2.3915
3,1690,2.7326
3,1700,2.2137
3,1710,3.515
3,1720,2.7209
3,1730,2.5202
3,1740,2.5526
3,1750,2.9685
3,1760,3.5868
3,1770,2.7362
3,1780,3.4046
3,1790,3.9837
3,1800,3.0533
3,1810,3.3082
3,1820,3.2555
3,1830,2.8746
3,1840,2.3185
3,1850,2.7048
3,1860,2.0515
3,1870,1.8571
3,1880,1.5832
3,1890,1.5436
3,1900,2.3084
3,1910,2.2099
3,1920,2.0115
3,1930,1.591
3,1940,1.7025
3,1950,1.7315
3,1960,2.6975
3,1970,2.0422
3,1980,2.2091
3,1990,2.5183
3,2000,3.0654
3,2010,2.8987
3,2020,2.2188
3,2030,2.1306
3,2040,2.1368
3,2050,2.3961
3,2060,2.2611
3,2070,1.3446
3,2080,1.1927
3,2090,1.3679
3,2100,1.2401
3,2110,1.2001
3,2120,1.508
3,2130,1.3296
3,2140,1.7159
3,2150,1.8512
3,2160,1.9898
3,2170,1.9494
3,2180,2.1412
3,2190,2.5376
3,2200,2.6947
3,2210,2.0663
3,2220,1.8938
3,2230,1.7312
3,2240,1.8833
3,2250,1.155
3,2260,1.2099
3,2270,1.1886
3,2280,0.7648
3,2290,0.8078
3,2300,0.7847
3,2310,0.9395
3,2320,1.2728
3,2330,0.966
3,2340,1.5627
3,2350,1.1987
3,2360,1.5824
3,2370,1.4593
3,2380,1.93
3,2390,1.2218
3,2400,1.1482
3,2410,1.2604
3,2420,1.1047
3,2430,1.3204
3,2440,1.0787
3,2450,0.5478
3,2460,0.6932
3,2470,0.5819
3,2480,0.7929
3,2490,0.5436
3,2500,0.2339
3,2510,1.0821
3,2520,0.5439
3,2530,1.2001
3,2540,0.9529
3,2550,1.4797
3,2560,1.2324
3,2570,1.1251
3,2580,0.969
3,2590,0.928
3,2600,0.7741
3,2610,0.9835
3,2620,0.5413
3,2630,0.6545
3,2640,0.6879
3,2650,0.7937
3,2660,0.2164
3,2670,0.749
3,2680,0.9385
3,2690,0.6141
3,2700,0.2572
3,2710,0.5725
3,2720,0.0455
3,2730,-0.1393
3,2740,-0.3769
3,2750,-0.174
3,2760,-0.9352
3,2770,-1.0911
3,2780,-1.901
3,2790,-1.9375
3,2800,-2.2563
3,2810,-3.2633
3,2820,-3.0644
3,2830,-3.2904
3,2840,-3.4285
3,2850,-3.4403
3,2860,-3.5891
3,2870,-4.2642
3,2880,-4.2186
3,2890,-4.7892
3,2900,-5.5813
3,2910,-7.2172
3,2920,-7.7045
3,2930,-8.9687
3,2940,-8.3798
3,2950,-7.822
3,2960,-6.8801
3,2970,-6.8061
3,2980,-5.6091
3,2990,-5.349
3,3000,-5.187
3,3010,-5.6216
3,3020,-5.1206
3,3030,-5.3253
3,3040,-4.6715
3,3050,-4.4464
3,3060,-4.1058
3,3070,-4.556
3,3080,-3.9957
3,3090,-3.3384
3,3100,-3.34
3,3110,-2.5687
3,3120,-1.9201
3,3130,-2.2131
3,3140,-2.212
3,3150,-1.9074
3,3160,-1.9652
3,3170,-1.8793
3,3180,-2.47
3,3190,-2.9452
3,3200,-2.9823
3,3210,-2.9413
3,3220,-3.3147
3,3230,-3.253
3,3240,-3.4213
3,3250,-3.1558
3,3260,-3.1693
3,3270,-3.3102
3,3280,-3.4868
3,3290,-2.4358
3,3300,-2.4277
3,3310,-1.8989
3,3320,-2.5218
3,3330,-1.6599
3,3340,-2.0416
3,3350,-2.2137
3,3360,-2.1753
3,3370,-2.5361
3,3380,-3.322
3,3390,-3.5239
3,3400,-2.9366
3,3410,-3.3713
3,3420,-3.0885
3,3430,-3.0789
3,3440,-3.2839
3,3450,-3.3404
3,3460,-2.6365
3,3470,-3.3392
3,3480,-3.3514
3,3490,-2.4491
3,3500,-2.6172
3,3510,-3.0703
3,3520,-2.9375
3,3530,-3.2935
3,3540,-3.917
3,3550,-5.0626
3,3560,-5.823
3,3570,-5.6344
3,3580,-5.9401
3,3590,-6.2002
3,3600,-6.1405
3,3610,-7.2604
3,3620,-6.5008
3,3630,-6.7964
3,3640,-6.7814
3,3650,-7.5206
3,3660,-7.1659
3,3670,-6.4797
3,3680,-6.9544
3,3690,-5.8545
3,3700,-5.6416
3,3710,-6.3027
3,3720,-5.3569
3,3730,-6.1581
3,3740,-5.5983
3,3750,-5.6634
3,3760,-6.5227
3,3770,-7.0749
3,3780,-9.2349
3,3790,-9.6159
3,3800,-10.9674
3,3810,-11.3236
3,3820,-11.6336
3,3830,-13.283
3,3840,-13.5229
3,3850,-11.3252
3,3860,-11.468
3,3870,-10.9321
3,3880,-10.1898
3,3890,-9.9262
3,3900,-9.227
3,3910,-8.9493
3,3920,-8.2383
3,3930,-7.8597
3,3940,-7.447
3,3950,-6.8774
3,3960,-6.4582
3,3970,-6.6446
3,3980,-5.7866
3,3990,-5.2744
3,4000,-6.1167
3,4010,1.7578
3,4020,1.7287
3,4030,2.5432
3,4040,2.7004
3,4050,2.6021
3,4060,2.4721
3,4070,2.9203
3,4080,2.5703
3,4090,2.9225
3,4100,2.4478
3,4110,2.7102
3,4120,2.7453
3,4130,1.4964
3,4140,2.2175
3,4150,1.7346
3,4160,2.0401
3,4170,1.5072
3,4180,1.5612
3,4190,1.0427
3,4200,0.47
3,4210,0.83
3,4220,0.6051
3,4230,0.8168
3,4240,0.336
3,4250,0.0693
3,4260,-0.0869
3,4270,-0.0841
3,4280,-1.3661
3,4290,-1.5581
3,4300,-0.7651
3,4310,-1.0705
3,4320,-0.8588
3,4330,-0.804
3,4340,-1.1422
3,4350,-0.914
3,4360,-0.9979
3,4370,-1.7683
3,4380,-0.474
3,4390,-0.4319
3,4400,-0.3472
3,4410,0.5007
3,4420,0.093
3,4430,1.1955
3,4440,1.0812
3,4450,1.844
3,4460,1.5006
3,4470,2.0808
3,4480,1.117
3,4490,1.6342
3,4500,2.0249
3,4510,0.7209
3,4520,1.7296
3,4530,0.6787
3,4540,1.3352
3,4550,1.3519
3,4560,1.0554
3,4570,1.4815
3,4580,1.4703
3,4590,1.3358
3,4600,0.8636
3,4610,0.2231
3,4620,-0.185
3,4630,0.5695
3,4640,0.3364
3,4650,-0.2243
3,4660,-0.7008
3,4670,-0.9842
3,4680,-1.1639
3,4690,-2.484
3,4700,-2.791
3,4710,-1.796
3,4720,-1.9187
3,4730,-2.8167
3,4740,-2.4105
3,4750,-2.0542
3,4760,-2.8257
3,4770,-2.0057
3,4780,-2.6274
3,4790,-1.5119
3,4800,-1.5565
3,4810,-1.9382
3,4820,-0.6799
3,4830,-1.1084
3,4840,-1.2174
3,4850,-0.5399
3,4860,-0.1127
3,4870,0.5508
3,4880,0.2106
3,4890,-0.6146
3,4900,0.3817
3,4910,0.4766
3,4920,0.1817
3,4930,0.1125
3,4940,0.0875
3,4950,0.3904
3,4960,0.3694
3,4970,0.342
3,4980,0.3915
3,4990,-0.6424
3,5000,0.0803
3,5010,0.3924
3,5020,0.075
3,5030,0.3675
3,5040,0.1474
3,5050,-0.4334
3,5060,0.2632
3,5070,-0.8486
3,5080,0.1383
3,5090,-0.625
3,5100,-0.0137
3,5110,-1.5567
3,5120,-0.4772
3,5130,-1.2061
3,5140,-0.7312
3,5150,-0.7779
3,5160,-0.8095
3,5170,-0.8624
3,5180,-0.9155
3,5190,-1.0008
3,5200,-1.0956
3,5210,-1.0748
3,5220,-1.3897
3,5230,-2.6063
3,5240,-2.5553
3,5250,-1.6552
3,5260,-1.9403
3,5270,-1.2804
3,5280,-1.2265
3,5290,-2.5076
3,5300,-1.3221
3,5310,-1.5545
3,5320,-1.0838
3,5330,-1.9552
3,5340,-2.6465
3,5350,-1.5611
3,5360,-2.8011
3,5370,-1.432
3,5380,-1.8939
3,5390,-1.5199
3,5400,-1.7939
3,5410,-1.7859
3,5420,-3.0504
3,5430,-2.0555
3,5440,-2.0825
3,5450,-2.1511
3,5460,-3.825
3,5470,-3.8826
3,5480,-3.9093
3,5490,-2.6341
3,5500,-2.6188
3,5510,-3.3832
3,5520,-3.0696
3,5530,-3.3764
3,5540,-4.0106
3,5550,-3.6663
3,5560,-3.9546
3,5570,-4.3719
3,5580,-5.4533
3,5590,-4.5414
3,5600,-5.5333
3,5610,-5.8335
3,5620,-4.7888
3,5630,-4.386
3,5640,-6.2927
3,5650,-4.3025
3,5660,-5.2191
3,5670,-5.8024
3,5680,-4.0383
3,5690,-4.138
3,5700,-4.0844
3,5710,-5.837
3,5720,-4.511
3,5730,-4.9239
3,5740,-4.9192
3,5750,-7.2385
3,5760,-5.2335
3,5770,-7.9643
3,5780,-8.0935
3,5790,-5.952
3,5800,-6.7348
3,5810,-6.6952
3,5820,-7.9527
3,5830,-8.5946
3,5840,-6.1132
3,5850,-6.5736
3,5860,-6.1269
3,5870,-6.3209
3,5880,-6.707
3,5890,-6.488
3,5900,-6.8932
3,5910,-6.9413
3,5920,-7.0791
3,5930,-8.7144
3,5940,-7.9019
3,5950,-8.1398
3,5960,-12.3251
3,5970,-9.6011
3,5980,-13.4525
3,5990,-10.3727
3,6000,-15.8392
4,70,-10.8731
4,80,-9.1141
4,90,-6.1909
4,100,-3.523
4,110,-4.2517
4,120,-3.5746
4,130,-2.2839
4,140,-1.3274
4,150,-2.9899
4,160,-3.0111
4,170,-1.2481
4,180,-2.2845
4,190,-1.7843
4,200,-0.6579
4,210,-0.6161
4,220,-0.6163
4,230,-3.3473
4,240,-0.0946
4,250,-1.5452
4,260,-0.1771
4,270,0.9284
4,280,1.4844
4,290,1.5376
4,300,0.0698
4,310,-1.9711
4,320,-0.7919
4,330,0.7462
4,340,-1.0749
4,350,1.0804
4,360,1.8406
4,370,1.1052
4,380,-0.3452
4,390,0.506
4,400,1.9836
4,410,0.7031
4,420,2.511
4,430,1.815
4,440,2.0633
4,450,-0.4736
4,460,-1.3031
4,470,1.4089
4,480,0.8707
4,490,1.3758
4,500,1.6503
4,510,3.1273
4,520,1.7799
4,530,0.4798
4,540,2.4047
4,550,0.9168
4,560,0.4331
4,570,0.6761
4,580,2.4321
4,590,1.769
4,600,1.3527
4,610,1.3527
4,620,1.9136
4,630,2.5096
4,640,2.1714
4,650,1.2405
4,660,2.8769
4,670,0.4313
4,680,1.7784
4,690,1.2445
4,700,2.561
4,710,1.9726
4,720,3.031
4,730,1.2247
4,740,2.292
4,750,0.893
4,760,2.9758
4,770,1.7912
4,780,2.6466
4,790,2.4562
4,800,3.2423
4,810,3.058
4,820,1.4177
4,830,2.4465
4,840,3.4817
4,850,2.0098
4,860,3.1964
4,870,2.8973
4,880,2.1747
4,890,1.7441
4,900,1.1133
4,910,0.6886
4,920,0.7686
4,930,-0.7411
4,940,-0.5482
4,950,-0.7239
4,960,-0.9126
4,970,-0.13
4,980,0.0253
4,990,-0.4446
4,1000,-1.6989
4,1010,-1.2194
4,1020,-0.6738
4,1030,-1.31
4,1040,-1.4637
4,1050,0.2171
4,1060,0.0224
4,1070,0.5615
4,1080,0.4932
4,1090,0.4433
4,1100,0.2658
4,1110,-0.8531
4,1120,0.7379
4,1130,0.9736
4,1140,1.1214
4,1150,2.6659
4,1160,0.8734
4,1170,0.7042
4,1180,1.1006
4,1190,1.3322
4,1200,3.0112
4,1210,2.3652
4,1220,1.2315
4,1230,-0.5945
4,1240,-0.1091
4,1250,0.3151
4,1260,1.0079
4,1270,1.8348
4,1280,1.8199
4,1290,1.6583
4,1300,1.9301
4,1310,4.3984
4,1320,3.0524
4,1330,4.4637
4,1340,3.5463
4,1350,4.8105
4,1360,3.6706
4,1370,3.7732
4,1380,3.4861
4,1390,2.8188
4,1400,2.8688
4,1410,3.7263
4,1420,3.5293
4,1430,2.9961
4,1440,3.2278
4,1450,3.1789
4,1460,2.7652
4,1470,0.0746
4,1480,-0.1207
4,1490,1.1025
4,1500,1.4638
4,1510,1.7547
4,1520,0.394
4,1530,-0.6023
4,1540,1.6166
4,1550,1.9134
4,1560,0.4482
4,1570,-0.7771
4,1580,-0.4016
4,1590,0.0783
4,1600,0.1532
4,1610,-0.2729
4,1620,1.2322
4,1630,0.3944
4,1640,1.2758
4,1650,1.6399
4,1660,2.9378
4,1670,2.35
4,1680,2.6115
4,1690,2.4851
4,1700,2.4557
4,1710,1.4665
4,1720,1.0733
4,1730,1.9896
4,1740,2.685
4,1750,2.7144
4,1760,1.7585
4,1770,1.6205
4,1780,0.8465
4,1790,0.2236
4,1800,1.671
4,1810,1.4809
4,1820,1.5746
4,1830,1.5709
4,1840,1.6858
4,1850,0.8173
4,1860,-0.4231
4,1870,0.8896
4,1880,1.114
4,1890,1.1953
4,1900,0.9367
4,1910,1.3137
4,1920,-0.9398
4,1930,-2.572
4,1940,-1.7874
4,1950,0.3961
4,1960,1.9644
4,1970,1.0772
4,1980,1.0992
4,1990,1.2022
4,2000,-0.7148
4,2010,-1.9921
4,2020,-2.1055
4,2030,-0.3007
4,2040,0.6673
4,2050,0.5285
4,2060,0.9382
4,2070,-1.4933
4,2080,-3.3117
4,2090,-2.8359
4,2100,-2.8636
4,2110,-0.7716
4,2120,0.8218
4,2130,0.2894
4,2140,0.5263
4,2150,-1.948
4,2160,-4.0065
4,2170,-2.5207
4,2180,0.8209
4,2190,0.7212
4,2200,-0.2777
4,2210,-0.083
4,2220,-1.6526
4,2230,-4.234
4,2240,-3.491
4,2250,-1.8542
4,2260,-0.0871
4,2270,-1.0649
4,2280,-0.0314
4,2290,-0.7491
4,2300,-3.489
4,2310,-3.3548
4,2320,-3.4648
4,2330,-0.4487
4,2340,-0.0275
4,2350,-1.5432
4,2360,-0.3312
4,2370,-2.5336
4,2380,-4.0095
4,2390,-3.1599
4,2400,-1.9504
4,2410,-0.7907
4,2420,-1.6773
4,2430,-1.809
4,2440,-1.4118
4,2450,-2.0756
4,2460,-3.0611
4,2470,-2.0514
4,2480,-2.0959
4,2490,-1.7017
4,2500,-2.3321
4,2510,-0.7179
4,2520,-2.0826
4,2530,-4.288
4,2540,-4.8274
4,2550,-3.0908
4,2560,-2.6371
4,2570,-3.1908
4,2580,-2.4598
4,2590,-1.8816
4,2600,-2.471
4,2610,-2.6012
4,2620,-2.1643
4,2630,-2.542
4,2640,-3.1163
4,2650,-1.6159
4,2660,-1.2086
4,2670,-1.6898
4,2680,-1.2178
4,2690,-1.392
4,2700,-2.9277
4,2710,-3.4927
4,2720,-2.9494
4,2730,-1.4968
4,2740,-1.6296
4,2750,-2.3895
4,2760,-1.4548
4,2770,-2.8171
4,2780,-3.2653
4,2790,-3.1422
4,2800,-3.2165
4,2810,-3.5095
4,2820,-4.8256
4,2830,-5.0107
4,2840,-5.5118
4,2850,-5.2648
4,2860,-3.567
4,2870,-3.8178
4,2880,-4.9616
4,2890,-5.1494
4,2900,-4.4783
4,2910,-3.9972
4,2920,-5.9593
4,2930,-7.0611
4,2940,-9.6409
4,2950,-10.2025
4,2960,-10.6692
4,2970,-8.3804
4,2980,-7.328
4,2990,-6.5302
4,3000,-7.5949
4,3010,-8.7986
4,3020,-8.2502
4,3030,-7.148
4,3040,-4.961
4,3050,-4.5954
4,3060,-5.1641
4,3070,-5.5043
4,3080,-6.8311
4,3090,-5.7579
4,3100,-5.2192
4,3110,-3.2184
4,3120,-3.6938
4,3130,-4.0292
4,3140,-4.2313
4,3150,-4.3387
4,3160,-5.1196
4,3170,-3.2732
4,3180,-3.4798
4,3190,-3.7354
4,3200,-3.0119
4,3210,-3.1224
4,3220,-4.0823
4,3230,-4.301
4,3240,-3.1573
4,3250,-3.0077
4,3260,-3.2247
4,3270,-3.723
4,3280,-3.2798
4,3290,-4.7548
4,3300,-4.9874
4,3310,-4.2249
4,3320,-4.2171
4,3330,-4.1998
4,3340,-4.3659
4,3350,-4.0424
4,3360,-5.0318
4,3370,-4.3127
4,3380,-5.8047
4,3390,-5.6776
4,3400,-6.152
4,3410,-6.0141
4,3420,-5.3723
4,3430,-4.9457
4,3440,-6.1957
4,3450,-5.6395
4,3460,-6.7049
4,3470,-7.4698
4,3480,-6.5348
4,3490,-6.7467
4,3500,-6.905
4,3510,-6.3041
4,3520,-7.5806
4,3530,-10.2913
4,3540,-10.5296
4,3550,-10.268
4,3560,-8.3444
4,3570,-8.4913
4,3580,-10.5254
4,3590,-12.3996
4,3600,-12.8783
4,3610,-14.0171
4,3620,-14.0688
4,3630,-13.0009
4,3640,-11.3703
4,3650,-13.2325
4,3660,-13.5888
4,3670,-14.2602
4,3680,-10.8259
4,3690,-9.3727
4,3700,-9.0067
4,3710,-10.3232
4,3720,-10.5475
4,3730,-11.4515
4,3740,-10.484
4,3750,-9.3335
4,3760,-8.8723
4,3770,-8.9322
4,3780,-8.8521
4,3790,-9.7175
4,3800,-10.6255
4,3810,-10.1226
4,3820,-8.2912
4,3830,-8.7264
4,3840,-9.3699
4,3850,-9.4047
4,3860,-8.865
4,3870,-10.7122
4,3880,-11.1388
4,3890,-10.284
4,3900,-8.2316
4,3910,-8.4255
4,3920,-8.0667
4,3930,-9.1314
4,3940,-8.7916
4,3950,-10.4955
4,3960,-9.1639
4,3970,-9.8515
4,3980,-9.0526
4,3990,-9.2629
4,4000,-8.0275
4,4010,-2.9045
4,4020,-4.0989
4,4030,-4.2961
4,4040,-2.3006
4,4050,-2.218
4,4060,-1.7208
4,4070,-2.0678
4,4080,-2.4887
4,4090,-2.4626
4,4100,-3.7402
4,4110,-3.4604
4,4120,-2.5099
4,4130,-2.9655
4,4140,-1.5846
4,4150,-2.7151
4,4160,-3.6404
4,4170,-3.4177
4,4180,-3.9478
4,4190,-2.6818
4,4200,-3.1734
4,4210,-2.3423
4,4220,-2.6756
4,4230,-2.9222
4,4240,-3.354
4,4250,-2.9818
4,4260,-2.5396
4,4270,-2.8065
4,4280,-2.7309
4,4290,-3.389
4,4300,-2.1929
4,4310,-3.7506
4,4320,-3.832
4,4330,-3.7757
4,4340,-3.6887
4,4350,-3.1776
4,4360,-1.6606
4,4370,-2.84
4,4380,-2.4397
4,4390,-3.7749
4,4400,-2.9855
4,4410,-3.8726
4,4420,-3.1479
4,4430,-3.2731
4,4440,-2.9819
4,4450,-3.2488
4,4460,-3.9682
4,4470,-3.617
4,4480,-3.9675
4,4490,-3.2839
4,4500,-2.6097
4,4510,-4.0731
4,4520,-4.4266
4,4530,-3.1667
4,4540,-3.1828
4,4550,-4.5497
4,4560,-5.1961
4,4570,-3.3786
4,4580,-3.6646
4,4590,-4.5353
4,4600,-4.2809
4,4610,-4.2777
4,4620,-4.9298
4,4630,-5.2915
4,4640,-4.1061
4,4650,-4.1488
4,4660,-4.4147
4,4670,-4.7609
4,4680,-4.7011
4,4690,-4.7779
4,4700,-3.6758
4,4710,-5.1943
4,4720,-4.1669
4,4730,-4.8868
4,4740,-4.4768
4,4750,-4.5652
4,4760,-3.91
4,4770,-5.0803
4,4780,-4.7056
4,4790,-5.2133
4,4800,-4.923
4,4810,-4.81
4,4820,-4.8391
4,4830,-4.5757
4,4840,-4.8367
4,4850,-5.3322
4,4860,-5.7058
4,4870,-6.4925
4,4880,-5.8035
4,4890,-6.419
4,4900,-4.0822
4,4910,-5.1352
4,4920,-5.286
4,4930,-4.7378
4,4940,-5.2753
4,4950,-6.8183
4,4960,-5.2594
4,4970,-5.8414
4,4980,-4.7272
4,4990,-4.3037
4,5000,-6.4419
4,5010,-6.3798
4,5020,-6.3727
4,5030,-5.6888
4,5040,-4.341
4,5050,-5.0367
4,5060,-4.8763
4,5070,-5.9979
4,5080,-5.3488
4,5090,-5.3247
4,5100,-6.1691
4,5110,-4.9083
4,5120,-4.3278
4,5130,-5.18
4,5140,-6.0887
4,5150,-6.3095
4,5160,-6.9157
4,5170,-6.3163
4,5180,-5.0861
4,5190,-5.7718
4,5200,-5.4998
4,5210,-6.0024
4,5220,-8.0551
4,5230,-7.2081
4,5240,-7.9289
4,5250,-6.4765
4,5260,-4.8853
4,5270,-6.1611
4,5280,-6.8921
4,5290,-7.8258
4,5300,-8.8044
4,5310,-6.5358
4,5320,-7.6607
4,5330,-5.4614
4,5340,-6.468
4,5350,-7.2405
4,5360,-7.0022
4,5370,-6.4104
4,5380,-6.7202
4,5390,-7.8947
4,5400,-6.898
4,5410,-5.5382
4,5420,-6.425
4,5430,-6.6223
4,5440,-7.3335
4,5450,-7.1921
4,5460,-7.8214
4,5470,-6.6151
4,5480,-6.8401
4,5490,-6.3997
4,5500,-6.5617
4,5510,-7.682
4,5520,-8.2849
4,5530,-8.7749
4,5540,-8.7997
4,5550,-7.9876
4,5560,-7.6141
4,5570,-7.7371
4,5580,-7.9744
4,5590,-8.374
4,5600,-10.8755
4,5610,-10.9599
4,5620,-8.6743
4,5630,-8.8952
4,5640,-7.8642
4,5650,-8.1281
4,5660,-8.4481
4,5670,-8.5433
4,5680,-9.4521
4,5690,-13.5639
4,5700,-9.5515
4,5710,-10.5888
4,5720,-7.6558
4,5730,-9.2873
4,5740,-11.9901
4,5750,-13.1753
4,5760,-11.3467
4,5770,-12.344
4,5780,-14.1715
4,5790,-10.4623
4,5800,-8.9757
4,5810,-6.6952
4,5820,-7.9527
4,5830,-8.5946
4,5840,-6.1132
4,5850,-6.5736
4,5860,-6.1269
4,5870,-6.3209
4,5880,-6.707
4,5890,-6.488
4,5900,-6.8932
4,5910,-6.9413
4,5920,-7.0791
4,5930,-8.7144
4,5940,-7.9019
4,5950,-8.1398
4,5960,-12.3251
4,5970,-9.5011
4,5980,-11.4525
4,5990,-10.3727
4,6000,-8.9957